<?xml version="1.0" encoding="UTF-8"?>
<!DOCTYPE mapper PUBLIC "-//mybatis.org//DTD Mapper 3.0//EN" "http://mybatis.org/dtd/mybatis-3-mapper.dtd">
<mapper namespace="pgd.irbl.business.dao.UserMapper">

    <select id="login" resultMap="User">
        select * from User where username=#{username}
    </select>

    <select id="findUserIdByUsername" resultType="java.lang.Long">
        select id from User where username=#{username};
    </select>

    <insert id="register" useGeneratedKeys="true" keyProperty="id">
        insert into User(username, password, role, queryNum) VALUES
        (#{username}, #{password}, #{role}, #{queryNum})
    </insert>

    <resultMap id="User" type="pgd.irbl.business.po.User">
        <id column="id" property="id"/>
        <result column="username" property="username"/>
        <result column="password" property="password"/>
        <result column="role" property="role"/>
        <result column="queryNum" property="queryNum"/>
    </resultMap>

</mapper>
